"Package","Version","CVE ID","Severity","Status","Detail"
"busybox","1.36.1","CVE-2022-48174","CRITICAL","exploitable","N/A"
"host-uboot-tools","2021.07","CVE-2022-30767","CRITICAL","exploitable","N/A"
"uboot","2020.07","CVE-2022-30767","CRITICAL","exploitable","N/A"
"host-uboot-tools","2021.07","CVE-2022-34835","CRITICAL","exploitable","N/A"
"uboot","2020.07","CVE-2022-34835","CRITICAL","exploitable","N/A"
"expat","2.6.1","CVE-2024-45491","CRITICAL","exploitable","N/A"
"host-expat","2.6.1","CVE-2024-45491","CRITICAL","exploitable","N/A"
"expat","2.6.1","CVE-2024-45492","CRITICAL","exploitable","N/A"
"host-expat","2.6.1","CVE-2024-45492","CRITICAL","exploitable","N/A"
"linux","6.12.104","CVE-2025-39933","CRITICAL","exploitable","N/A"
"linux","6.12.104","CVE-2026-64066","CRITICAL","exploitable","N/A"
"linux","6.12.104","CVE-2026-64068","CRITICAL","exploitable","N/A"
"linux","6.12.104","CVE-2026-64067","CRITICAL","exploitable","N/A"
"linux","6.12.104","CVE-2026-64160","CRITICAL","exploitable","N/A"
"linux","6.12.104","CVE-2026-53010","CRITICAL","exploitable","N/A"
"linux","6.12.104","CVE-2026-31608","CRITICAL","exploitable","N/A"
"linux","6.12.104","CVE-2026-31609","CRITICAL","exploitable","N/A"
"linux","6.12.104","CVE-2026-31536","CRITICAL","exploitable","N/A"
"linux","6.12.104","CVE-2026-43465","CRITICAL","exploitable","N/A"
"linux","6.12.104","CVE-2026-43414","CRITICAL","exploitable","N/A"
"glibc","2.38-44-gd37c2b20a4787463d192b32041c3406c2bd91de0","CVE-2026-5450","CRITICAL","exploitable","N/A"
"linux","6.12.104","CVE-2026-46325","CRITICAL","exploitable","N/A"
"linux","6.12.104","CVE-2026-64216","CRITICAL","exploitable","N/A"
"linux","6.12.104","CVE-2026-53260","CRITICAL","exploitable","N/A"
"linux","6.12.104","CVE-2026-53224","CRITICAL","exploitable","N/A"
"linux","6.12.104","CVE-2026-53246","CRITICAL","exploitable","N/A"
"linux","6.12.104","CVE-2026-43197","CRITICAL","exploitable","N/A"
"linux","6.12.104","CVE-2026-43198","CRITICAL","exploitable","N/A"
"linux","6.12.104","CVE-2026-43185","CRITICAL","exploitable","N/A"
"linux","6.12.104","CVE-2026-43083","CRITICAL","exploitable","N/A"
"glibc","2.38-44-gd37c2b20a4787463d192b32041c3406c2bd91de0","CVE-2023-4911","HIGH","in_triage","The CVE 'CVE-2023-4911' has been marked as ignored by Buildroot"
"glibc","2.38-44-gd37c2b20a4787463d192b32041c3406c2bd91de0","CVE-2023-5156","HIGH","in_triage","The CVE 'CVE-2023-5156' has been marked as ignored by Buildroot"
"glibc","2.38-44-gd37c2b20a4787463d192b32041c3406c2bd91de0","CVE-2023-6246","HIGH","in_triage","The CVE 'CVE-2023-6246' has been marked as ignored by Buildroot"
"glibc","2.38-44-gd37c2b20a4787463d192b32041c3406c2bd91de0","CVE-2023-6779","HIGH","in_triage","The CVE 'CVE-2023-6779' has been marked as ignored by Buildroot"
"host-python3-pip","21.3","CVE-2018-20225","HIGH","exploitable","N/A"
"linux","6.12.104","CVE-2020-25672","HIGH","exploitable","N/A"
"linux","6.12.104","CVE-2020-27815","HIGH","exploitable","N/A"
"uboot","2020.07","CVE-2021-27138","HIGH","exploitable","N/A"
"linux","6.12.104","CVE-2021-20194","HIGH","exploitable","N/A"
"uboot","2020.07","CVE-2021-27097","HIGH","exploitable","N/A"
"host-uboot-tools","2021.07","CVE-2022-2347","HIGH","exploitable","N/A"
"uboot","2020.07","CVE-2022-2347","HIGH","exploitable","N/A"
"host-uboot-tools","2021.07","CVE-2022-33103","HIGH","exploitable","N/A"
"host-libconfuse","3.3","CVE-2022-40320","HIGH","exploitable","N/A"
"host-python3","3.11.8","CVE-2024-7592","HIGH","exploitable","N/A"
"expat","2.6.1","CVE-2024-28757","HIGH","exploitable","N/A"
"host-expat","2.6.1","CVE-2024-28757","HIGH","exploitable","N/A"
"linux","6.12.104","CVE-2024-52560","HIGH","exploitable","N/A"
"expat","2.6.1","CVE-2024-45490","HIGH","exploitable","N/A"
"host-expat","2.6.1","CVE-2024-45490","HIGH","exploitable","N/A"
"glibc","2.38-44-gd37c2b20a4787463d192b32041c3406c2bd91de0","CVE-2024-33599","HIGH","exploitable","N/A"
"linux","6.12.104","CVE-2024-57995","HIGH","exploitable","N/A"
"host-uboot-tools","2021.07","CVE-2024-57254","HIGH","exploitable","N/A"
"uboot","2020.07","CVE-2024-57254","HIGH","exploitable","N/A"
"host-uboot-tools","2021.07","CVE-2024-57259","HIGH","exploitable","N/A"
"uboot","2020.07","CVE-2024-57259","HIGH","exploitable","N/A"
"host-uboot-tools","2021.07","CVE-2024-57258","HIGH","exploitable","N/A"
"uboot","2020.07","CVE-2024-57258","HIGH","exploitable","N/A"
"host-uboot-tools","2021.07","CVE-2024-57255","HIGH","exploitable","N/A"
"uboot","2020.07","CVE-2024-57255","HIGH","exploitable","N/A"
"host-uboot-tools","2021.07","CVE-2024-57256","HIGH","exploitable","N/A"
"uboot","2020.07","CVE-2024-57256","HIGH","exploitable","N/A"
"host-uboot-tools","2021.07","CVE-2024-42040","HIGH","exploitable","N/A"
"uboot","2020.07","CVE-2024-42040","HIGH","exploitable","N/A"
"linux","6.12.104","CVE-2024-58094","HIGH","exploitable","N/A"
"linux","6.12.104","CVE-2024-58096","HIGH","exploitable","N/A"
"linux","6.12.104","CVE-2024-58015","HIGH","exploitable","N/A"
"linux","6.12.104","CVE-2024-58093","HIGH","exploitable","N/A"
"glibc","2.38-44-gd37c2b20a4787463d192b32041c3406c2bd91de0","CVE-2024-2961","HIGH","exploitable","N/A"
"host-python3","3.11.8","CVE-2024-6232","HIGH","exploitable","N/A"
"host-libopenssl","3.2.1","CVE-2024-6119","HIGH","exploitable","N/A"
"libopenssl","3.2.1","CVE-2024-6119","HIGH","exploitable","N/A"
"glibc","2.38-44-gd37c2b20a4787463d192b32041c3406c2bd91de0","CVE-2024-33602","HIGH","exploitable","N/A"
"glibc","2.38-44-gd37c2b20a4787463d192b32041c3406c2bd91de0","CVE-2024-33601","HIGH","exploitable","N/A"
"linux","6.12.104","CVE-2025-38137","HIGH","exploitable","N/A"
"linux","6.12.104","CVE-2025-38187","HIGH","exploitable","N/A"
"linux","6.12.104","CVE-2025-21709","HIGH","exploitable","N/A"
"linux","6.12.104","CVE-2025-21751","HIGH","exploitable","N/A"
"host-python-setuptools","69.0.3","CVE-2025-47273","HIGH","exploitable","N/A"
"linux","6.12.104","CVE-2025-39677","HIGH","exploitable","N/A"
"linux","6.12.104","CVE-2025-22117","HIGH","exploitable","N/A"
"linux","6.12.104","CVE-2025-22121","HIGH","exploitable","N/A"
"linux","6.12.104","CVE-2025-22108","HIGH","exploitable","N/A"
"linux","6.12.104","CVE-2025-22109","HIGH","exploitable","N/A"
"linux","6.12.104","CVE-2025-22104","HIGH","exploitable","N/A"
"linux","6.12.104","CVE-2025-22107","HIGH","exploitable","N/A"
"host-binutils","2.40","CVE-2025-69649","HIGH","exploitable","N/A"
"host-binutils","2.40","CVE-2025-69650","HIGH","exploitable","N/A"
"linux","6.12.104","CVE-2025-71202","HIGH","exploitable","N/A"
"linux","6.12.104","CVE-2025-71289","HIGH","exploitable","N/A"
"linux","6.12.104","CVE-2025-71221","HIGH","exploitable","N/A"
"expat","2.6.1","CVE-2025-59375","HIGH","exploitable","N/A"
"host-expat","2.6.1","CVE-2025-59375","HIGH","exploitable","N/A"
"linux","6.12.104","CVE-2025-37906","HIGH","exploitable","N/A"
"linux","6.12.104","CVE-2025-23132","HIGH","exploitable","N/A"
"linux","6.12.104","CVE-2025-71302","HIGH","exploitable","N/A"
"glibc","2.38-44-gd37c2b20a4787463d192b32041c3406c2bd91de0","CVE-2025-15281","HIGH","exploitable","N/A"
"linux","6.12.104","CVE-2025-71074","HIGH","exploitable","N/A"
"linux","6.12.104","CVE-2025-37803","HIGH","exploitable","N/A"
"linux","6.12.104","CVE-2025-39859","HIGH","exploitable","N/A"
"linux","6.12.104","CVE-2025-39862","HIGH","exploitable","N/A"
"host-libopenssl","3.2.1","CVE-2025-15467","HIGH","exploitable","N/A"
"libopenssl","3.2.1","CVE-2025-15467","HIGH","exploitable","N/A"
"linux","6.12.104","CVE-2025-38248","HIGH","exploitable","N/A"
"linux","6.12.104","CVE-2025-38204","HIGH","exploitable","N/A"
"linux","6.12.104","CVE-2025-38234","HIGH","exploitable","N/A"
"linux","6.12.104","CVE-2025-38206","HIGH","exploitable","N/A"
"linux","6.12.104","CVE-2025-38261","HIGH","exploitable","N/A"
"linux","6.12.104","CVE-2025-71161","HIGH","exploitable","N/A"
"linux","6.12.104","CVE-2025-71152","HIGH","exploitable","N/A"
"linux","6.12.104","CVE-2025-38584","HIGH","exploitable","N/A"
"linux","6.12.104","CVE-2025-21949","HIGH","exploitable","N/A"
"linux","6.12.104","CVE-2025-38064","HIGH","exploitable","N/A"
"linux","6.12.104","CVE-2025-39789","HIGH","exploitable","N/A"
"linux","6.12.104","CVE-2025-38421","HIGH","exploitable","N/A"
"linux","6.12.104","CVE-2025-38627","HIGH","exploitable","N/A"
"linux","6.12.104","CVE-2025-38636","HIGH","exploitable","N/A"
"linux","6.12.104","CVE-2025-38656","HIGH","exploitable","N/A"
"linux","6.12.104","CVE-2025-39958","HIGH","exploitable","N/A"
"linux","6.12.104","CVE-2025-39905","HIGH","exploitable","N/A"
"glibc","2.38-44-gd37c2b20a4787463d192b32041c3406c2bd91de0","CVE-2025-4802","HIGH","exploitable","N/A"
"linux","6.12.104","CVE-2026-23327","HIGH","exploitable","N/A"
"linux","6.12.104","CVE-2026-52953","HIGH","exploitable","N/A"
"linux","6.12.104","CVE-2026-52991","HIGH","exploitable","N/A"
"linux","6.12.104","CVE-2026-52983","HIGH","exploitable","N/A"
"linux","6.12.104","CVE-2026-52956","HIGH","exploitable","N/A"
"linux","6.12.104","CVE-2026-52988","HIGH","exploitable","N/A"
"host-uboot-tools","2021.07","CVE-2026-33243","HIGH","exploitable","N/A"
"uboot","2020.07","CVE-2026-33243","HIGH","exploitable","N/A"
"host-uboot-tools","2021.07","CVE-2026-46728","HIGH","exploitable","N/A"
"uboot","2020.07","CVE-2026-46728","HIGH","exploitable","N/A"
"linux","6.12.104","CVE-2026-64058","HIGH","exploitable","N/A"
"linux","6.12.104","CVE-2026-64077","HIGH","exploitable","N/A"
"linux","6.12.104","CVE-2026-64082","HIGH","exploitable","N/A"
"linux","6.12.104","CVE-2026-64076","HIGH","exploitable","N/A"
"linux","6.12.104","CVE-2026-64078","HIGH","exploitable","N/A"
"linux","6.12.104","CVE-2026-64117","HIGH","exploitable","N/A"
"host-python3","3.11.8","CVE-2026-4519","HIGH","exploitable","N/A"
"linux","6.12.104","CVE-2026-23066","HIGH","exploitable","N/A"
"host-binutils","2.40","CVE-2026-6846","HIGH","exploitable","N/A"
"linux","6.12.104","CVE-2026-53089","HIGH","exploitable","N/A"
"linux","6.12.104","CVE-2026-53092","HIGH","exploitable","N/A"
"linux","6.12.104","CVE-2026-53090","HIGH","exploitable","N/A"
"linux","6.12.104","CVE-2026-53024","HIGH","exploitable","N/A"
"linux","6.12.104","CVE-2026-53000","HIGH","exploitable","N/A"
"linux","6.12.104","CVE-2026-53091","HIGH","exploitable","N/A"
"linux","6.12.104","CVE-2026-53025","HIGH","exploitable","N/A"
"linux","6.12.104","CVE-2026-53005","HIGH","exploitable","N/A"
"linux","6.12.104","CVE-2026-53009","HIGH","exploitable","N/A"
"linux","6.12.104","CVE-2026-53078","HIGH","exploitable","N/A"
"linux","6.12.104","CVE-2026-64400","HIGH","exploitable","N/A"
"linux","6.12.104","CVE-2026-23171","HIGH","exploitable","N/A"
"linux","6.12.104","CVE-2026-23102","HIGH","exploitable","N/A"
"linux","6.12.104","CVE-2026-31663","HIGH","exploitable","N/A"
"linux","6.12.104","CVE-2026-31630","HIGH","exploitable","N/A"
"linux","6.12.104","CVE-2026-31613","HIGH","exploitable","N/A"
"linux","6.12.104","CVE-2026-31709","HIGH","exploitable","N/A"
"linux","6.12.104","CVE-2026-31715","HIGH","exploitable","N/A"
"linux","6.12.104","CVE-2026-31717","HIGH","exploitable","N/A"
"linux","6.12.104","CVE-2026-31771","HIGH","exploitable","N/A"
"linux","6.12.104","CVE-2026-43245","HIGH","exploitable","N/A"
"linux","6.12.104","CVE-2026-43263","HIGH","exploitable","N/A"
"linux","6.12.104","CVE-2026-43213","HIGH","exploitable","N/A"
"host-python-wheel","0.40.0","CVE-2026-24049","HIGH","exploitable","N/A"
"linux","6.12.104","CVE-2026-46130","HIGH","exploitable","N/A"
"linux","6.12.104","CVE-2026-46175","HIGH","exploitable","N/A"
"linux","6.12.104","CVE-2026-46181","HIGH","exploitable","N/A"
"linux","6.12.104","CVE-2026-43353","HIGH","exploitable","N/A"
"linux","6.12.104","CVE-2026-43352","HIGH","exploitable","N/A"
"linux","6.12.104","CVE-2026-43303","HIGH","exploitable","N/A"
"linux","6.12.104","CVE-2026-31568","HIGH","exploitable","N/A"
"linux","6.12.104","CVE-2026-31493","HIGH","exploitable","N/A"
"linux","6.12.104","CVE-2026-31435","HIGH","exploitable","N/A"
"linux","6.12.104","CVE-2026-31486","HIGH","exploitable","N/A"
"host-uboot-tools","2021.07","CVE-2026-29009","HIGH","exploitable","N/A"
"uboot","2020.07","CVE-2026-29009","HIGH","exploitable","N/A"
"host-uboot-tools","2021.07","CVE-2026-29008","HIGH","exploitable","N/A"
"uboot","2020.07","CVE-2026-29008","HIGH","exploitable","N/A"
"linux","6.12.104","CVE-2026-43464","HIGH","exploitable","N/A"
"host-python3","3.11.8","CVE-2026-15308","HIGH","exploitable","N/A"
"linux","6.12.104","CVE-2026-53330","HIGH","exploitable","N/A"
"linux","6.12.104","CVE-2026-53368","HIGH","exploitable","N/A"
"glibc","2.38-44-gd37c2b20a4787463d192b32041c3406c2bd91de0","CVE-2026-5435","HIGH","exploitable","N/A"
"linux","6.12.104","CVE-2026-64388","HIGH","exploitable","N/A"
"linux","6.12.104","CVE-2026-64389","HIGH","exploitable","N/A"
"linux","6.12.104","CVE-2026-53118","HIGH","exploitable","N/A"
"linux","6.12.104","CVE-2026-53179","HIGH","exploitable","N/A"
"linux","6.12.104","CVE-2026-53178","HIGH","exploitable","N/A"
"linux","6.12.104","CVE-2026-53109","HIGH","exploitable","N/A"
"glibc","2.38-44-gd37c2b20a4787463d192b32041c3406c2bd91de0","CVE-2026-5928","HIGH","exploitable","N/A"
"linux","6.12.104","CVE-2026-45956","HIGH","exploitable","N/A"
"linux","6.12.104","CVE-2026-45932","HIGH","exploitable","N/A"
"linux","6.12.104","CVE-2026-45944","HIGH","exploitable","N/A"
"glibc","2.38-44-gd37c2b20a4787463d192b32041c3406c2bd91de0","CVE-2026-4437","HIGH","exploitable","N/A"
"linux","6.12.104","CVE-2026-46324","HIGH","exploitable","N/A"
"linux","6.12.104","CVE-2026-46330","HIGH","exploitable","N/A"
"linux","6.12.104","CVE-2026-46317","HIGH","exploitable","N/A"
"linux","6.12.104","CVE-2026-53401","HIGH","exploitable","N/A"
"glibc","2.38-44-gd37c2b20a4787463d192b32041c3406c2bd91de0","CVE-2026-0915","HIGH","exploitable","N/A"
"glibc","2.38-44-gd37c2b20a4787463d192b32041c3406c2bd91de0","CVE-2026-4046","HIGH","exploitable","N/A"
"linux","6.12.104","CVE-2026-43500","HIGH","exploitable","N/A"
"linux","6.12.104","CVE-2026-64255","HIGH","exploitable","N/A"
"linux","6.12.104","CVE-2026-64210","HIGH","exploitable","N/A"
"linux","6.12.104","CVE-2026-64283","HIGH","exploitable","N/A"
"linux","6.12.104","CVE-2026-53250","HIGH","exploitable","N/A"
"linux","6.12.104","CVE-2026-53232","HIGH","exploitable","N/A"
"linux","6.12.104","CVE-2026-53284","HIGH","exploitable","N/A"
"linux","6.12.104","CVE-2026-53277","HIGH","exploitable","N/A"
"linux","6.12.104","CVE-2026-53281","HIGH","exploitable","N/A"
"linux","6.12.104","CVE-2026-46279","HIGH","exploitable","N/A"
"linux","6.12.104","CVE-2026-46242","HIGH","exploitable","N/A"
"linux","6.12.104","CVE-2026-46203","HIGH","exploitable","N/A"
"glibc","2.38-44-gd37c2b20a4787463d192b32041c3406c2bd91de0","CVE-2026-0861","HIGH","exploitable","N/A"
"linux","6.12.104","CVE-2026-43101","HIGH","exploitable","N/A"
"linux","6.12.104","CVE-2026-43172","HIGH","exploitable","N/A"
"linux","6.12.104","CVE-2026-43116","HIGH","exploitable","N/A"
"linux","6.12.104","CVE-2026-43048","HIGH","exploitable","N/A"
"linux","6.12.104","CVE-2026-43042","HIGH","exploitable","N/A"
"linux","6.12.104","CVE-2026-43009","HIGH","exploitable","N/A"
"linux","6.12.104","CVE-2026-63805","HIGH","exploitable","N/A"
"linux","6.12.104","CVE-2026-23444","HIGH","exploitable","N/A"
"linux","6.12.104","CVE-2026-23272","HIGH","exploitable","N/A"
"linux","6.12.104","CVE-2026-23226","HIGH","exploitable","N/A"
"linux","6.12.104","CVE-2026-23208","HIGH","exploitable","N/A"
"linux","6.12.104","CVE-2026-46054","HIGH","exploitable","N/A"
"linux","6.12.104","CVE-2026-46093","HIGH","exploitable","N/A"
"glibc","2.38-44-gd37c2b20a4787463d192b32041c3406c2bd91de0","CVE-2023-4527","MEDIUM","in_triage","The CVE 'CVE-2023-4527' has been marked as ignored by Buildroot"
"glibc","2.38-44-gd37c2b20a4787463d192b32041c3406c2bd91de0","CVE-2023-6780","MEDIUM","in_triage","The CVE 'CVE-2023-6780' has been marked as ignored by Buildroot"
"linux","6.12.104","CVE-2019-3819","MEDIUM","exploitable","N/A"
"linux","6.12.104","CVE-2019-3887","MEDIUM","exploitable","N/A"
"host-flex","2.6.4","CVE-2019-6293","MEDIUM","exploitable","N/A"
"linux","6.12.104","CVE-2019-3016","MEDIUM","exploitable","N/A"
"linux","6.12.104","CVE-2021-3564","MEDIUM","exploitable","N/A"
"linux","6.12.104","CVE-2021-3669","MEDIUM","exploitable","N/A"
"linux","6.12.104","CVE-2022-4543","MEDIUM","exploitable","N/A"
"linux","6.12.104","CVE-2022-38096","MEDIUM","exploitable","N/A"
"host-python3","3.11.8","CVE-2023-27043","MEDIUM","exploitable","N/A"
"host-python3-pip","21.3","CVE-2023-5752","MEDIUM","exploitable","N/A"
"host-pkgconf","1.6.3","CVE-2023-24056","MEDIUM","exploitable","N/A"
"busybox","1.36.1","CVE-2023-42364","MEDIUM","exploitable","N/A"
"busybox","1.36.1","CVE-2023-42363","MEDIUM","exploitable","N/A"
"busybox","1.36.1","CVE-2023-42366","MEDIUM","exploitable","N/A"
"busybox","1.36.1","CVE-2023-42365","MEDIUM","exploitable","N/A"
"host-binutils","2.40","CVE-2023-25586","MEDIUM","exploitable","N/A"
"host-binutils","2.40","CVE-2023-25585","MEDIUM","exploitable","N/A"
"host-binutils","2.40","CVE-2023-25588","MEDIUM","exploitable","N/A"
"host-binutils","2.40","CVE-2023-1972","MEDIUM","exploitable","N/A"
"linux","6.12.104","CVE-2024-58095","MEDIUM","exploitable","N/A"
"linux","6.12.104","CVE-2024-58074","MEDIUM","exploitable","N/A"
"linux","6.12.104","CVE-2024-58097","MEDIUM","exploitable","N/A"
"host-python3","3.11.8","CVE-2024-9287","MEDIUM","exploitable","N/A"
"expat","2.6.1","CVE-2024-50602","MEDIUM","exploitable","N/A"
"host-expat","2.6.1","CVE-2024-50602","MEDIUM","exploitable","N/A"
"glibc","2.38-44-gd37c2b20a4787463d192b32041c3406c2bd91de0","CVE-2024-33600","MEDIUM","exploitable","N/A"
"linux","6.12.104","CVE-2025-38140","MEDIUM","exploitable","N/A"
"linux","6.12.104","CVE-2025-38199","MEDIUM","exploitable","N/A"
"linux","6.12.104","CVE-2025-38132","MEDIUM","exploitable","N/A"
"linux","6.12.104","CVE-2025-21752","MEDIUM","exploitable","N/A"
"linux","6.12.104","CVE-2025-68351","MEDIUM","exploitable","N/A"
"host-binutils","2.40","CVE-2025-5245","MEDIUM","exploitable","N/A"
"host-binutils","2.40","CVE-2025-5244","MEDIUM","exploitable","N/A"
"linux","6.12.104","CVE-2025-22116","MEDIUM","exploitable","N/A"
"linux","6.12.104","CVE-2025-22127","MEDIUM","exploitable","N/A"
"linux","6.12.104","CVE-2025-22111","MEDIUM","exploitable","N/A"
"busybox","1.36.1","CVE-2025-60876","MEDIUM","exploitable","N/A"
"host-binutils","2.40","CVE-2025-0840","MEDIUM","exploitable","N/A"
"host-binutils","2.40","CVE-2025-69644","MEDIUM","exploitable","N/A"
"host-binutils","2.40","CVE-2025-69647","MEDIUM","exploitable","N/A"
"host-binutils","2.40","CVE-2025-69651","MEDIUM","exploitable","N/A"
"host-binutils","2.40","CVE-2025-69652","MEDIUM","exploitable","N/A"
"host-binutils","2.40","CVE-2025-69648","MEDIUM","exploitable","N/A"
"linux","6.12.104","CVE-2025-71285","MEDIUM","exploitable","N/A"
"linux","6.12.104","CVE-2025-71227","MEDIUM","exploitable","N/A"
"linux","6.12.104","CVE-2025-23135","MEDIUM","exploitable","N/A"
"linux","6.12.104","CVE-2025-23131","MEDIUM","exploitable","N/A"
"linux","6.12.104","CVE-2025-23129","MEDIUM","exploitable","N/A"
"linux","6.12.104","CVE-2025-23137","MEDIUM","exploitable","N/A"
"linux","6.12.104","CVE-2025-71315","MEDIUM","exploitable","N/A"
"linux","6.12.104","CVE-2025-71313","MEDIUM","exploitable","N/A"
"linux","6.12.104","CVE-2025-37860","MEDIUM","exploitable","N/A"
"linux","6.12.104","CVE-2025-37880","MEDIUM","exploitable","N/A"
"linux","6.12.104","CVE-2025-39833","MEDIUM","exploitable","N/A"
"linux","6.12.104","CVE-2025-39822","MEDIUM","exploitable","N/A"
"linux","6.12.104","CVE-2025-39834","MEDIUM","exploitable","N/A"
"linux","6.12.104","CVE-2025-39830","MEDIUM","exploitable","N/A"
"linux","6.12.104","CVE-2025-21807","MEDIUM","exploitable","N/A"
"linux","6.12.104","CVE-2025-21833","MEDIUM","exploitable","N/A"
"linux","6.12.104","CVE-2025-4598","MEDIUM","exploitable","N/A"
"linux","6.12.104","CVE-2025-38284","MEDIUM","exploitable","N/A"
"linux","6.12.104","CVE-2025-38237","MEDIUM","exploitable","N/A"
"linux","6.12.104","CVE-2025-38203","MEDIUM","exploitable","N/A"
"linux","6.12.104","CVE-2025-38207","MEDIUM","exploitable","N/A"
"linux","6.12.104","CVE-2025-38205","MEDIUM","exploitable","N/A"
"linux","6.12.104","CVE-2025-40325","MEDIUM","exploitable","N/A"
"linux","6.12.104","CVE-2025-71117","MEDIUM","exploitable","N/A"
"linux","6.12.104","CVE-2025-71141","MEDIUM","exploitable","N/A"
"linux","6.12.104","CVE-2025-38591","MEDIUM","exploitable","N/A"
"linux","6.12.104","CVE-2025-38597","MEDIUM","exploitable","N/A"
"linux","6.12.104","CVE-2025-40005","MEDIUM","exploitable","N/A"
"linux","6.12.104","CVE-2025-38036","MEDIUM","exploitable","N/A"
"linux","6.12.104","CVE-2025-38041","MEDIUM","exploitable","N/A"
"linux","6.12.104","CVE-2025-38042","MEDIUM","exploitable","N/A"
"linux","6.12.104","CVE-2025-38029","MEDIUM","exploitable","N/A"
"linux","6.12.104","CVE-2025-39764","MEDIUM","exploitable","N/A"
"linux","6.12.104","CVE-2025-39775","MEDIUM","exploitable","N/A"
"linux","6.12.104","CVE-2025-39762","MEDIUM","exploitable","N/A"
"linux","6.12.104","CVE-2025-39745","MEDIUM","exploitable","N/A"
"host-python3","3.11.8","CVE-2025-12084","MEDIUM","exploitable","N/A"
"linux","6.12.104","CVE-2025-38359","MEDIUM","exploitable","N/A"
"linux","6.12.104","CVE-2025-38311","MEDIUM","exploitable","N/A"
"linux","6.12.104","CVE-2025-38426","MEDIUM","exploitable","N/A"
"host-python3","3.11.8","CVE-2025-12781","MEDIUM","exploitable","N/A"
"linux","6.12.104","CVE-2025-38605","MEDIUM","exploitable","N/A"
"linux","6.12.104","CVE-2025-38621","MEDIUM","exploitable","N/A"
"host-python3","3.11.8","CVE-2025-13836","MEDIUM","exploitable","N/A"
"linux","6.12.104","CVE-2025-39910","MEDIUM","exploitable","N/A"
"linux","6.12.104","CVE-2025-39925","MEDIUM","exploitable","N/A"
"linux","6.12.104","CVE-2025-37746","MEDIUM","exploitable","N/A"
"linux","6.12.104","CVE-2025-37743","MEDIUM","exploitable","N/A"
"host-python3","3.11.8","CVE-2026-7210","MEDIUM","exploitable","N/A"
"linux","6.12.104","CVE-2026-23385","MEDIUM","exploitable","N/A"
"linux","6.12.104","CVE-2026-23346","MEDIUM","exploitable","N/A"
"linux","6.12.104","CVE-2026-23371","MEDIUM","exploitable","N/A"
"linux","6.12.104","CVE-2026-23377","MEDIUM","exploitable","N/A"
"linux","6.12.104","CVE-2026-23348","MEDIUM","exploitable","N/A"
"linux","6.12.104","CVE-2026-23394","MEDIUM","exploitable","N/A"
"linux","6.12.104","CVE-2026-52937","MEDIUM","exploitable","N/A"
"linux","6.12.104","CVE-2026-52944","MEDIUM","exploitable","N/A"
"linux","6.12.104","CVE-2026-52994","MEDIUM","exploitable","N/A"
"linux","6.12.104","CVE-2026-64060","MEDIUM","exploitable","N/A"
"linux","6.12.104","CVE-2026-64079","MEDIUM","exploitable","N/A"
"linux","6.12.104","CVE-2026-64070","MEDIUM","exploitable","N/A"
"linux","6.12.104","CVE-2026-64159","MEDIUM","exploitable","N/A"
"linux","6.12.104","CVE-2026-64154","MEDIUM","exploitable","N/A"
"linux","6.12.104","CVE-2026-64146","MEDIUM","exploitable","N/A"
"linux","6.12.104","CVE-2026-64190","MEDIUM","exploitable","N/A"
"linux","6.12.104","CVE-2026-23070","MEDIUM","exploitable","N/A"
"linux","6.12.104","CVE-2026-23017","MEDIUM","exploitable","N/A"
"linux","6.12.104","CVE-2026-23007","MEDIUM","exploitable","N/A"
"linux","6.12.104","CVE-2026-53018","MEDIUM","exploitable","N/A"
"linux","6.12.104","CVE-2026-53027","MEDIUM","exploitable","N/A"
"linux","6.12.104","CVE-2026-53017","MEDIUM","exploitable","N/A"
"expat","2.6.1","CVE-2026-50219","MEDIUM","exploitable","N/A"
"host-expat","2.6.1","CVE-2026-50219","MEDIUM","exploitable","N/A"
"expat","2.6.1","CVE-2026-56409","MEDIUM","exploitable","N/A"
"host-expat","2.6.1","CVE-2026-56409","MEDIUM","exploitable","N/A"
"expat","2.6.1","CVE-2026-56405","MEDIUM","exploitable","N/A"
"host-expat","2.6.1","CVE-2026-56405","MEDIUM","exploitable","N/A"
"expat","2.6.1","CVE-2026-56403","MEDIUM","exploitable","N/A"
"host-expat","2.6.1","CVE-2026-56403","MEDIUM","exploitable","N/A"
"expat","2.6.1","CVE-2026-56411","MEDIUM","exploitable","N/A"
"host-expat","2.6.1","CVE-2026-56411","MEDIUM","exploitable","N/A"
"expat","2.6.1","CVE-2026-56410","MEDIUM","exploitable","N/A"
"host-expat","2.6.1","CVE-2026-56410","MEDIUM","exploitable","N/A"
"expat","2.6.1","CVE-2026-56408","MEDIUM","exploitable","N/A"
"host-expat","2.6.1","CVE-2026-56408","MEDIUM","exploitable","N/A"
"expat","2.6.1","CVE-2026-56407","MEDIUM","exploitable","N/A"
"host-expat","2.6.1","CVE-2026-56407","MEDIUM","exploitable","N/A"
"expat","2.6.1","CVE-2026-56404","MEDIUM","exploitable","N/A"
"host-expat","2.6.1","CVE-2026-56404","MEDIUM","exploitable","N/A"
"expat","2.6.1","CVE-2026-56412","MEDIUM","exploitable","N/A"
"host-expat","2.6.1","CVE-2026-56412","MEDIUM","exploitable","N/A"
"expat","2.6.1","CVE-2026-56406","MEDIUM","exploitable","N/A"
"host-expat","2.6.1","CVE-2026-56406","MEDIUM","exploitable","N/A"
"expat","2.6.1","CVE-2026-25210","MEDIUM","exploitable","N/A"
"host-expat","2.6.1","CVE-2026-25210","MEDIUM","exploitable","N/A"
"linux","6.12.104","CVE-2026-23138","MEDIUM","exploitable","N/A"
"linux","6.12.104","CVE-2026-23137","MEDIUM","exploitable","N/A"
"linux","6.12.104","CVE-2026-23157","MEDIUM","exploitable","N/A"
"linux","6.12.104","CVE-2026-23152","MEDIUM","exploitable","N/A"
"linux","6.12.104","CVE-2026-23104","MEDIUM","exploitable","N/A"
"linux","6.12.104","CVE-2026-31692","MEDIUM","exploitable","N/A"
"linux","6.12.104","CVE-2026-31732","MEDIUM","exploitable","N/A"
"linux","6.12.104","CVE-2026-31777","MEDIUM","exploitable","N/A"
"linux","6.12.104","CVE-2026-43299","MEDIUM","exploitable","N/A"
"linux","6.12.104","CVE-2026-43204","MEDIUM","exploitable","N/A"
"linux","6.12.104","CVE-2026-43220","MEDIUM","exploitable","N/A"
"linux","6.12.104","CVE-2026-43234","MEDIUM","exploitable","N/A"
"linux","6.12.104","CVE-2026-43216","MEDIUM","exploitable","N/A"
"linux","6.12.104","CVE-2026-43294","MEDIUM","exploitable","N/A"
"linux","6.12.104","CVE-2026-43219","MEDIUM","exploitable","N/A"
"linux","6.12.104","CVE-2026-43298","MEDIUM","exploitable","N/A"
"linux","6.12.104","CVE-2026-43272","MEDIUM","exploitable","N/A"
"host-util-linux","2.39.2","CVE-2026-13595","MEDIUM","exploitable","N/A"
"util-linux","2.39.2","CVE-2026-13595","MEDIUM","exploitable","N/A"
"host-python-setuptools","69.0.3","CVE-2026-59890","MEDIUM","exploitable","N/A"
"host-libzlib","1.3.1","CVE-2026-22184","MEDIUM","exploitable","N/A"
"libzlib","1.3.1","CVE-2026-22184","MEDIUM","exploitable","N/A"
"linux","6.12.104","CVE-2026-22986","MEDIUM","exploitable","N/A"
"linux","6.12.104","CVE-2026-22981","MEDIUM","exploitable","N/A"
"linux","6.12.104","CVE-2026-22985","MEDIUM","exploitable","N/A"
"linux","6.12.104","CVE-2026-22993","MEDIUM","exploitable","N/A"
"host-python3","3.11.8","CVE-2026-3087","MEDIUM","exploitable","N/A"
"linux","6.12.104","CVE-2026-46147","MEDIUM","exploitable","N/A"
"linux","6.12.104","CVE-2026-46171","MEDIUM","exploitable","N/A"
"linux","6.12.104","CVE-2026-46148","MEDIUM","exploitable","N/A"
"linux","6.12.104","CVE-2026-46153","MEDIUM","exploitable","N/A"
"linux","6.12.104","CVE-2026-43346","MEDIUM","exploitable","N/A"
"linux","6.12.104","CVE-2026-43326","MEDIUM","exploitable","N/A"
"linux","6.12.104","CVE-2026-43337","MEDIUM","exploitable","N/A"
"linux","6.12.104","CVE-2026-43308","MEDIUM","exploitable","N/A"
"linux","6.12.104","CVE-2026-43309","MEDIUM","exploitable","N/A"
"linux","6.12.104","CVE-2026-43325","MEDIUM","exploitable","N/A"
"linux","6.12.104","CVE-2026-43310","MEDIUM","exploitable","N/A"
"linux","6.12.104","CVE-2026-43301","MEDIUM","exploitable","N/A"
"linux","6.12.104","CVE-2026-43355","MEDIUM","exploitable","N/A"
"linux","6.12.104","CVE-2026-43344","MEDIUM","exploitable","N/A"
"linux","6.12.104","CVE-2026-43311","MEDIUM","exploitable","N/A"
"linux","6.12.104","CVE-2026-43331","MEDIUM","exploitable","N/A"
"linux","6.12.104","CVE-2026-31579","MEDIUM","exploitable","N/A"
"linux","6.12.104","CVE-2026-31526","MEDIUM","exploitable","N/A"
"linux","6.12.104","CVE-2026-31537","MEDIUM","exploitable","N/A"
"linux","6.12.104","CVE-2026-31560","MEDIUM","exploitable","N/A"
"linux","6.12.104","CVE-2026-31562","MEDIUM","exploitable","N/A"
"linux","6.12.104","CVE-2026-31591","MEDIUM","exploitable","N/A"
"linux","6.12.104","CVE-2026-31592","MEDIUM","exploitable","N/A"
"linux","6.12.104","CVE-2026-31456","MEDIUM","exploitable","N/A"
"linux","6.12.104","CVE-2026-31420","MEDIUM","exploitable","N/A"
"linux","6.12.104","CVE-2026-31499","MEDIUM","exploitable","N/A"
"expat","2.6.1","CVE-2026-32777","MEDIUM","exploitable","N/A"
"host-expat","2.6.1","CVE-2026-32777","MEDIUM","exploitable","N/A"
"expat","2.6.1","CVE-2026-32776","MEDIUM","exploitable","N/A"
"host-expat","2.6.1","CVE-2026-32776","MEDIUM","exploitable","N/A"
"expat","2.6.1","CVE-2026-56131","MEDIUM","exploitable","N/A"
"host-expat","2.6.1","CVE-2026-56131","MEDIUM","exploitable","N/A"
"expat","2.6.1","CVE-2026-56132","MEDIUM","exploitable","N/A"
"host-expat","2.6.1","CVE-2026-56132","MEDIUM","exploitable","N/A"
"host-uboot-tools","2021.07","CVE-2026-29007","MEDIUM","exploitable","N/A"
"uboot","2020.07","CVE-2026-29007","MEDIUM","exploitable","N/A"
"host-python3-pip","21.3","CVE-2026-8643","MEDIUM","exploitable","N/A"
"host-util-linux","2.39.2","CVE-2026-27456","MEDIUM","exploitable","N/A"
"util-linux","2.39.2","CVE-2026-27456","MEDIUM","exploitable","N/A"
"linux","6.12.104","CVE-2026-43416","MEDIUM","exploitable","N/A"
"linux","6.12.104","CVE-2026-43463","MEDIUM","exploitable","N/A"
"linux","6.12.104","CVE-2026-43485","MEDIUM","exploitable","N/A"
"linux","6.12.104","CVE-2026-43443","MEDIUM","exploitable","N/A"
"linux","6.12.104","CVE-2026-53313","MEDIUM","exploitable","N/A"
"linux","6.12.104","CVE-2026-53377","MEDIUM","exploitable","N/A"
"linux","6.12.104","CVE-2026-53321","MEDIUM","exploitable","N/A"
"linux","6.12.104","CVE-2026-53365","MEDIUM","exploitable","N/A"
"linux","6.12.104","CVE-2026-53104","MEDIUM","exploitable","N/A"
"linux","6.12.104","CVE-2026-53103","MEDIUM","exploitable","N/A"
"linux","6.12.104","CVE-2026-53113","MEDIUM","exploitable","N/A"
"linux","6.12.104","CVE-2026-53167","MEDIUM","exploitable","N/A"
"linux","6.12.104","CVE-2026-53102","MEDIUM","exploitable","N/A"
"linux","6.12.104","CVE-2026-53107","MEDIUM","exploitable","N/A"
"linux","6.12.104","CVE-2026-53106","MEDIUM","exploitable","N/A"
"linux","6.12.104","CVE-2026-53108","MEDIUM","exploitable","N/A"
"host-bison","3.8.2","CVE-2026-56390","MEDIUM","exploitable","N/A"
"host-bison","3.8.2","CVE-2026-56389","MEDIUM","exploitable","N/A"
"linux","6.12.104","CVE-2026-45940","MEDIUM","exploitable","N/A"
"linux","6.12.104","CVE-2026-45934","MEDIUM","exploitable","N/A"
"linux","6.12.104","CVE-2026-45901","MEDIUM","exploitable","N/A"
"linux","6.12.104","CVE-2026-45963","MEDIUM","exploitable","N/A"
"linux","6.12.104","CVE-2026-45961","MEDIUM","exploitable","N/A"
"glibc","2.38-44-gd37c2b20a4787463d192b32041c3406c2bd91de0","CVE-2026-4438","MEDIUM","exploitable","N/A"
"linux","6.12.104","CVE-2026-46302","MEDIUM","exploitable","N/A"
"linux","6.12.104","CVE-2026-46314","MEDIUM","exploitable","N/A"
"linux","6.12.104","CVE-2026-64213","MEDIUM","exploitable","N/A"
"linux","6.12.104","CVE-2026-64212","MEDIUM","exploitable","N/A"
"linux","6.12.104","CVE-2026-53258","MEDIUM","exploitable","N/A"
"linux","6.12.104","CVE-2026-53285","MEDIUM","exploitable","N/A"
"linux","6.12.104","CVE-2026-53297","MEDIUM","exploitable","N/A"
"linux","6.12.104","CVE-2026-53226","MEDIUM","exploitable","N/A"
"linux","6.12.104","CVE-2026-53292","MEDIUM","exploitable","N/A"
"glibc","2.38-44-gd37c2b20a4787463d192b32041c3406c2bd91de0","CVE-2026-6238","MEDIUM","exploitable","N/A"
"linux","6.12.104","CVE-2026-46252","MEDIUM","exploitable","N/A"
"linux","6.12.104","CVE-2026-46272","MEDIUM","exploitable","N/A"
"linux","6.12.104","CVE-2026-46245","MEDIUM","exploitable","N/A"
"linux","6.12.104","CVE-2026-46228","MEDIUM","exploitable","N/A"
"linux","6.12.104","CVE-2026-46256","MEDIUM","exploitable","N/A"
"host-python3","3.11.8","CVE-2026-0864","MEDIUM","exploitable","N/A"
"linux","6.12.104","CVE-2026-43115","MEDIUM","exploitable","N/A"
"linux","6.12.104","CVE-2026-43109","MEDIUM","exploitable","N/A"
"linux","6.12.104","CVE-2026-43131","MEDIUM","exploitable","N/A"
"linux","6.12.104","CVE-2026-43127","MEDIUM","exploitable","N/A"
"linux","6.12.104","CVE-2026-43118","MEDIUM","exploitable","N/A"
"linux","6.12.104","CVE-2026-43191","MEDIUM","exploitable","N/A"
"host-python3-pip","21.3","CVE-2026-13346","MEDIUM","exploitable","N/A"
"linux","6.12.104","CVE-2026-43022","MEDIUM","exploitable","N/A"
"linux","6.12.104","CVE-2026-43053","MEDIUM","exploitable","N/A"
"linux","6.12.104","CVE-2026-43034","MEDIUM","exploitable","N/A"
"linux","6.12.104","CVE-2026-43010","MEDIUM","exploitable","N/A"
"linux","6.12.104","CVE-2026-23469","MEDIUM","exploitable","N/A"
"linux","6.12.104","CVE-2026-23472","MEDIUM","exploitable","N/A"
"linux","6.12.104","CVE-2026-23247","MEDIUM","exploitable","N/A"
"linux","6.12.104","CVE-2026-23207","MEDIUM","exploitable","N/A"
"linux","6.12.104","CVE-2026-23217","MEDIUM","exploitable","N/A"
"linux","6.12.104","CVE-2026-23265","MEDIUM","exploitable","N/A"
"linux","6.12.104","CVE-2026-23210","MEDIUM","exploitable","N/A"
"linux","6.12.104","CVE-2026-23259","MEDIUM","exploitable","N/A"
"linux","6.12.104","CVE-2026-45897","MEDIUM","exploitable","N/A"
"linux","6.12.104","CVE-2026-46032","MEDIUM","exploitable","N/A"
"linux","6.12.104","CVE-2026-46017","MEDIUM","exploitable","N/A"
"linux","6.12.104","CVE-2026-46096","MEDIUM","exploitable","N/A"
"linux","6.12.104","CVE-2026-46059","MEDIUM","exploitable","N/A"
"linux","6.12.104","CVE-2026-46071","MEDIUM","exploitable","N/A"
"linux","6.12.104","CVE-2026-46066","MEDIUM","exploitable","N/A"
"linux","6.12.104","CVE-2026-46014","MEDIUM","exploitable","N/A"
"linux","6.12.104","CVE-2026-46044","MEDIUM","exploitable","N/A"
"linux","6.12.104","CVE-2026-46092","MEDIUM","exploitable","N/A"
"host-python3","3.11.8","CVE-2026-3644","MEDIUM","exploitable","N/A"
"host-uboot-tools","2021.07","CVE-2024-57257","LOW","exploitable","N/A"
"uboot","2020.07","CVE-2024-57257","LOW","exploitable","N/A"
"host-util-linux","2.39.2","CVE-2024-28085","LOW","exploitable","N/A"
"util-linux","2.39.2","CVE-2024-28085","LOW","exploitable","N/A"
"busybox","1.36.1","CVE-2025-46394","LOW","exploitable","N/A"
"host-python3","3.11.8","CVE-2025-13462","LOW","exploitable","N/A"
"expat","2.6.1","CVE-2025-66382","LOW","exploitable","N/A"
"host-expat","2.6.1","CVE-2025-66382","LOW","exploitable","N/A"
"host-python3","3.11.8","CVE-2025-13837","LOW","exploitable","N/A"
"expat","2.6.1","CVE-2026-41080","LOW","exploitable","N/A"
"host-expat","2.6.1","CVE-2026-41080","LOW","exploitable","N/A"
"expat","2.6.1","CVE-2026-45186","LOW","exploitable","N/A"
"host-expat","2.6.1","CVE-2026-45186","LOW","exploitable","N/A"
"expat","2.6.1","CVE-2026-32778","LOW","exploitable","N/A"
"host-expat","2.6.1","CVE-2026-32778","LOW","exploitable","N/A"
"host-python3","3.11.8","CVE-2026-6019","LOW","exploitable","N/A"
"host-libzlib","1.3.1","CVE-2026-27171","LOW","exploitable","N/A"
"libzlib","1.3.1","CVE-2026-27171","LOW","exploitable","N/A"
"expat","2.6.1","CVE-2026-24515","LOW","exploitable","N/A"
"host-expat","2.6.1","CVE-2026-24515","LOW","exploitable","N/A"
"busybox","1.36.1","CVE-2022-28391","N/A","in_triage","The CVE 'CVE-2022-28391' has been marked as ignored by Buildroot"
"glibc","2.38-44-gd37c2b20a4787463d192b32041c3406c2bd91de0","CVE-2010-4756","N/A","in_triage","The CVE 'CVE-2010-4756' has been marked as ignored by Buildroot"
"glibc","2.38-44-gd37c2b20a4787463d192b32041c3406c2bd91de0","CVE-2019-1010022","N/A","in_triage","The CVE 'CVE-2019-1010022' has been marked as ignored by Buildroot"
"glibc","2.38-44-gd37c2b20a4787463d192b32041c3406c2bd91de0","CVE-2019-1010023","N/A","in_triage","The CVE 'CVE-2019-1010023' has been marked as ignored by Buildroot"
"glibc","2.38-44-gd37c2b20a4787463d192b32041c3406c2bd91de0","CVE-2019-1010024","N/A","in_triage","The CVE 'CVE-2019-1010024' has been marked as ignored by Buildroot"
"glibc","2.38-44-gd37c2b20a4787463d192b32041c3406c2bd91de0","CVE-2019-1010025","N/A","in_triage","The CVE 'CVE-2019-1010025' has been marked as ignored by Buildroot"
"glibc","2.38-44-gd37c2b20a4787463d192b32041c3406c2bd91de0","CVE-2023-4806","N/A","in_triage","The CVE 'CVE-2023-4806' has been marked as ignored by Buildroot"
"linux","6.12.104","CVE-1999-0656","N/A","exploitable","N/A"
"linux","6.12.104","CVE-2007-4998","N/A","exploitable","N/A"
"linux","6.12.104","CVE-2010-4563","N/A","exploitable","N/A"
